time,outdoor_PM2.5_conc_(µg/m3),outdoor_US_AQI,outdoor_category,c2_PM2.5_conc_(µg/m3),c2_US_AQI,c2_category,d2_PM2.5_conc_(µg/m3),d2_US_AQI,d2_category
2021-04-01,19.1,65,Moderate,7.9,32,Good,11,45,Good
2021-04-02,45,124,Unhealthy for Sensitive Groups,16.3,59,Moderate,18.7,64,Moderate
2021-04-03,43.9,121,Unhealthy for Sensitive Groups,15,57,Moderate,21.3,70,Moderate
2021-04-04,11.6,48,Good,4.5,18,Good,10.9,45,Good
2021-04-05,10,41,Good,4.2,17,Good,6.4,26,Good
2021-04-06,18.8,65,Moderate,5.2,21,Good,9.1,37,Good
2021-04-07,32.6,94,Moderate,6.4,26,Good,14.5,56,Moderate
2021-04-08,39.1,109,Unhealthy for Sensitive Groups,7.9,32,Good,15.8,58,Moderate
2021-04-09,61.5,154,Unhealthy,10.9,45,Good,19.7,66,Moderate
2021-04-10,34,97,Moderate,5.8,24,Good,13.7,54,Moderate
2021-04-11,19.3,66,Moderate,3.7,15,Good,7.9,32,Good
2021-04-12,17.9,63,Moderate,3.8,15,Good,7.7,32,Good
2021-04-13,15.9,58,Moderate,3.8,15,Good,8.3,34,Good
2021-04-14,15.2,57,Moderate,3.6,15,Good,9.3,38,Good
2021-04-15,,,No Data,3.6,15,Good,8.4,35,Good
2021-04-16,13.9,54,Moderate,3.3,13,Good,8.5,35,Good
2021-04-17,14.7,56,Moderate,3.1,12,Good,12.2,51,Moderate
2021-04-18,22,71,Moderate,4.3,17,Good,8.8,36,Good
2021-04-19,34.2,97,Moderate,7.3,30,Good,14.4,55,Moderate
2021-04-20,46.8,128,Unhealthy for Sensitive Groups,9.4,39,Good,18.6,64,Moderate
2021-04-21,51.9,141,Unhealthy for Sensitive Groups,10.9,45,Good,22.7,73,Moderate
2021-04-22,54.5,147,Unhealthy for Sensitive Groups,13.9,54,Moderate,23.3,74,Moderate
2021-04-23,39,109,Unhealthy for Sensitive Groups,9.7,40,Good,16.4,60,Moderate
2021-04-24,54.1,146,Unhealthy for Sensitive Groups,13.4,53,Moderate,22,71,Moderate
2021-04-25,76.9,162,Unhealthy,20.1,67,Moderate,32.6,94,Moderate
2021-04-26,42.2,117,Unhealthy for Sensitive Groups,11.6,48,Good,17.4,62,Moderate
2021-04-27,22,71,Moderate,5.6,23,Good,12.7,52,Moderate
2021-04-28,20.5,68,Moderate,4.4,18,Good,8.5,35,Good
2021-04-29,22.2,72,Moderate,4.7,19,Good,12.7,52,Moderate
2021-04-30,18.8,65,Moderate,4.1,17,Good,14.7,56,Moderate
2021-05-01,37.8,106,Unhealthy for Sensitive Groups,7.1,29,Good,17.3,61,Moderate
2021-05-02,35.5,101,Unhealthy for Sensitive Groups,7.1,29,Good,19.6,66,Moderate
2021-05-03,30.4,89,Moderate,7.3,30,Good,17.4,62,Moderate
2021-05-04,19.6,66,Moderate,3.7,15,Good,15.5,58,Moderate
2021-05-05,15.9,58,Moderate,2.4,10,Good,13.9,54,Moderate
2021-05-06,20,67,Moderate,3.2,13,Good,15.7,58,Moderate
2021-05-07,33,94,Moderate,6.2,25,Good,17.8,62,Moderate
2021-05-08,31,90,Moderate,6.6,27,Good,21.4,70,Moderate
2021-05-09,28.5,85,Moderate,7,29,Good,17.1,61,Moderate
2021-05-10,32.1,93,Moderate,7.2,30,Good,17.4,62,Moderate
2021-05-11,45.3,125,Unhealthy for Sensitive Groups,10.7,44,Good,29.4,87,Moderate
2021-05-12,60.1,153,Unhealthy,13.7,54,Moderate,32.2,93,Moderate
2021-05-13,69.7,158,Unhealthy,17.3,61,Moderate,32.8,94,Moderate
2021-05-14,,,No Data,13.1,53,Moderate,23.1,74,Moderate
2021-05-15,37.3,105,Unhealthy for Sensitive Groups,7.9,32,Good,23.7,75,Moderate
2021-05-16,39.1,109,Unhealthy for Sensitive Groups,9.4,39,Good,18.4,64,Moderate
2021-05-17,51.5,140,Unhealthy for Sensitive Groups,11.5,47,Good,24.9,77,Moderate
2021-05-18,39.6,111,Unhealthy for Sensitive Groups,9.7,40,Good,25.7,79,Moderate
2021-05-19,39.2,110,Unhealthy for Sensitive Groups,10.2,42,Good,24.4,76,Moderate
2021-05-20,55.6,151,Unhealthy,12.7,52,Moderate,23.7,75,Moderate
2021-05-21,55.7,151,Unhealthy,11.5,47,Good,24.7,77,Moderate
2021-05-22,57.2,151,Unhealthy,12.5,51,Moderate,29.4,87,Moderate
2021-05-23,55.8,151,Unhealthy,12.8,52,Moderate,25,78,Moderate
2021-05-24,43.2,119,Unhealthy for Sensitive Groups,10,41,Good,22.4,72,Moderate
2021-05-25,23,73,Moderate,5.3,22,Good,9.7,40,Good
2021-05-26,22.6,73,Moderate,5,20,Good,9.7,40,Good
2021-05-27,16.6,60,Moderate,4.3,17,Good,7.4,30,Good
2021-05-28,27.7,83,Moderate,7.1,29,Good,9.6,40,Good
2021-05-29,45.9,126,Unhealthy for Sensitive Groups,11.3,47,Good,14.8,56,Moderate
2021-05-30,52.1,141,Unhealthy for Sensitive Groups,13,52,Moderate,17.6,62,Moderate
2021-05-31,59.5,153,Unhealthy,16.1,59,Moderate,21.5,70,Moderate
2021-06-01,43.8,121,Unhealthy for Sensitive Groups,11.5,47,Good,16.3,59,Moderate
2021-06-02,25.9,80,Moderate,5.3,22,Good,10.7,44,Good
2021-06-03,55.8,151,Unhealthy,11.7,48,Good,16.3,59,Moderate
2021-06-04,79.5,163,Unhealthy,18.2,63,Moderate,22.8,73,Moderate
2021-06-05,46.9,129,Unhealthy for Sensitive Groups,10.3,42,Good,16.8,60,Moderate
2021-06-06,46.3,127,Unhealthy for Sensitive Groups,10.5,43,Good,14.8,56,Moderate
2021-06-07,27.3,82,Moderate,5.2,21,Good,8.5,35,Good
2021-06-08,25.4,78,Moderate,6,25,Good,10.6,44,Good
2021-06-09,21.1,69,Moderate,4.9,20,Good,9.7,40,Good
2021-06-10,22.2,72,Moderate,5.4,22,Good,8.6,35,Good
2021-06-11,20.6,68,Moderate,3.1,12,Good,5.4,22,Good
2021-06-12,35.9,101,Unhealthy for Sensitive Groups,8.1,33,Good,13.4,53,Moderate
2021-06-13,23.5,74,Moderate,4.7,19,Good,8.7,36,Good
2021-06-14,26.7,81,Moderate,5.6,23,Good,9.3,38,Good
2021-06-15,27.2,82,Moderate,4.6,19,Good,9.4,39,Good
2021-06-16,34.7,98,Moderate,6.8,28,Good,12.4,51,Moderate
2021-06-17,37.4,105,Unhealthy for Sensitive Groups,4.6,19,Good,7.6,31,Good
2021-06-18,43.3,120,Unhealthy for Sensitive Groups,3.6,15,Good,5.5,22,Good
2021-06-19,48.8,133,Unhealthy for Sensitive Groups,8.2,34,Good,10.6,44,Good
2021-06-20,66,156,Unhealthy,14.7,56,Moderate,31.2,91,Moderate
2021-06-21,42.2,117,Unhealthy for Sensitive Groups,7.5,31,Good,20.3,68,Moderate
2021-06-22,38.4,108,Unhealthy for Sensitive Groups,8.4,35,Good,15.5,58,Moderate
2021-06-23,21.8,71,Moderate,2.9,12,Good,12.3,51,Moderate
2021-06-24,24.1,76,Moderate,3.7,15,Good,12.1,51,Moderate
2021-06-25,53,144,Unhealthy for Sensitive Groups,10.5,43,Good,20.6,68,Moderate
2021-06-26,46.3,127,Unhealthy for Sensitive Groups,11.5,47,Good,18.6,64,Moderate
2021-06-27,27.5,83,Moderate,4.1,17,Good,6.7,27,Good
2021-06-28,40,112,Unhealthy for Sensitive Groups,4,16,Good,7.6,31,Good
2021-06-29,20.4,68,Moderate,2.5,10,Good,11.2,46,Good
2021-06-30,11.6,48,Good,2,8,Good,5.4,22,Good
2021-07-01,28,84,Moderate,4.9,20,Good,9.9,41,Good
2021-07-02,70.6,158,Unhealthy,16.6,60,Moderate,24.5,77,Moderate
2021-07-03,104.4,176,Unhealthy,23.7,75,Moderate,34.3,97,Moderate
2021-07-04,82.9,165,Unhealthy,19.1,65,Moderate,26.2,80,Moderate
2021-07-05,52.3,142,Unhealthy for Sensitive Groups,11.2,46,Good,19.2,65,Moderate
2021-07-06,24,76,Moderate,3.9,16,Good,9.5,39,Good
2021-07-07,28.5,85,Moderate,3.5,14,Good,8.5,35,Good
2021-07-08,19.3,66,Moderate,2.7,11,Good,9.2,38,Good
2021-07-09,36.3,102,Unhealthy for Sensitive Groups,6.3,26,Good,14.3,55,Moderate
2021-07-10,65.2,156,Unhealthy,14.9,56,Moderate,20.9,69,Moderate
2021-07-11,21.8,71,Moderate,5.8,24,Good,7.3,30,Good
2021-07-12,34.7,98,Moderate,7.4,30,Good,11.2,46,Good
2021-07-13,23,73,Moderate,3.4,14,Good,6.7,27,Good
2021-07-14,21.4,70,Moderate,2.9,12,Good,4.5,18,Good
2021-07-15,19.1,65,Moderate,2.8,11,Good,,,No Data
2021-07-16,28.9,86,Moderate,2.4,10,Good,,,No Data
2021-07-17,12.3,51,Moderate,,,No Data,,,No Data
2021-07-18,17.6,62,Moderate,,,No Data,,,No Data
2021-07-19,10.7,44,Good,,,No Data,,,No Data
2021-07-20,20.6,68,Moderate,,,No Data,,,No Data
2021-07-21,24.5,77,Moderate,,,No Data,,,No Data
2021-07-22,10.4,43,Good,,,No Data,,,No Data
2021-07-23,16.5,60,Moderate,,,No Data,,,No Data
2021-07-24,46.2,127,Unhealthy for Sensitive Groups,,,No Data,,,No Data
2021-07-25,33.1,95,Moderate,,,No Data,,,No Data
2021-07-26,35.8,101,Unhealthy for Sensitive Groups,,,No Data,,,No Data
2021-07-27,49.2,134,Unhealthy for Sensitive Groups,,,No Data,,,No Data
2021-07-28,63.8,155,Unhealthy,,,No Data,,,No Data
2021-07-29,81.8,164,Unhealthy,,,No Data,,,No Data
2021-07-30,43.9,121,Unhealthy for Sensitive Groups,,,No Data,,,No Data
2021-07-31,62.8,154,Unhealthy,,,No Data,,,No Data
2021-08-01,57.8,152,Unhealthy,,,No Data,,,No Data
2021-08-02,46.6,128,Unhealthy for Sensitive Groups,,,No Data,,,No Data
2021-08-03,57.2,151,Unhealthy,,,No Data,,,No Data
2021-08-04,74.6,160,Unhealthy,,,No Data,,,No Data
2021-08-05,90.6,169,Unhealthy,,,No Data,,,No Data
2021-08-06,83.6,165,Unhealthy,,,No Data,,,No Data
2021-08-07,85.3,166,Unhealthy,,,No Data,,,No Data
2021-08-08,,,No Data,,,No Data,,,No Data
2021-08-09,23,73,Moderate,,,No Data,,,No Data
2021-08-10,23.4,74,Moderate,,,No Data,,,No Data
2021-08-11,37.4,105,Unhealthy for Sensitive Groups,,,No Data,,,No Data
2021-08-12,53.2,144,Unhealthy for Sensitive Groups,,,No Data,,,No Data
2021-08-13,80.5,163,Unhealthy,,,No Data,,,No Data
2021-08-14,58.5,152,Unhealthy,,,No Data,,,No Data
2021-08-15,58.9,152,Unhealthy,,,No Data,,,No Data
2021-08-16,37.6,106,Unhealthy for Sensitive Groups,,,No Data,,,No Data
2021-08-17,53.4,145,Unhealthy for Sensitive Groups,,,No Data,,,No Data
2021-08-18,38.6,108,Unhealthy for Sensitive Groups,,,No Data,,,No Data
2021-08-19,34.3,97,Moderate,,,No Data,,,No Data
2021-08-20,23.1,74,Moderate,,,No Data,,,No Data
2021-08-21,15.9,58,Moderate,,,No Data,,,No Data
2021-08-22,20.6,68,Moderate,,,No Data,,,No Data
2021-08-23,39.6,111,Unhealthy for Sensitive Groups,,,No Data,,,No Data
2021-08-24,24,76,Moderate,,,No Data,,,No Data
2021-08-25,24.3,76,Moderate,,,No Data,,,No Data
2021-08-26,83.2,165,Unhealthy,,,No Data,,,No Data
2021-08-27,78.4,162,Unhealthy,,,No Data,,,No Data
2021-08-28,40.9,114,Unhealthy for Sensitive Groups,,,No Data,,,No Data
2021-08-29,28.1,84,Moderate,,,No Data,,,No Data
2021-08-30,18.2,63,Moderate,,,No Data,,,No Data
2021-08-31,18.2,63,Moderate,,,No Data,,,No Data
2021-09-01,15.7,58,Moderate,,,No Data,,,No Data
2021-09-02,14.9,56,Moderate,,,No Data,,,No Data
2021-09-03,28.1,84,Moderate,,,No Data,,,No Data
2021-09-04,28,84,Moderate,,,No Data,,,No Data
2021-09-05,38.3,107,Unhealthy for Sensitive Groups,,,No Data,,,No Data
2021-09-06,57.7,152,Unhealthy,,,No Data,,,No Data
2021-09-07,98.9,173,Unhealthy,,,No Data,,,No Data
2021-09-08,87,167,Unhealthy,,,No Data,,,No Data
2021-09-09,82.5,164,Unhealthy,,,No Data,,,No Data
2021-09-10,71.4,159,Unhealthy,,,No Data,,,No Data
2021-09-11,83,165,Unhealthy,,,No Data,,,No Data
2021-09-12,53,144,Unhealthy for Sensitive Groups,,,No Data,,,No Data
2021-09-13,59.9,153,Unhealthy,,,No Data,,,No Data
2021-09-14,19.3,66,Moderate,,,No Data,,,No Data
2021-09-15,40.1,112,Unhealthy for Sensitive Groups,,,No Data,,,No Data
2021-09-16,42.8,118,Unhealthy for Sensitive Groups,,,No Data,,,No Data
2021-09-17,32.6,94,Moderate,,,No Data,,,No Data
2021-09-18,23.7,75,Moderate,,,No Data,,,No Data
2021-09-19,22,71,Moderate,,,No Data,,,No Data
2021-09-20,30.1,88,Moderate,,,No Data,1.4,5,Good
2021-09-21,38,107,Unhealthy for Sensitive Groups,,,No Data,17.7,62,Moderate
2021-09-22,22.7,73,Moderate,,,No Data,3.7,15,Good
2021-09-23,34.3,97,Moderate,,,No Data,3.9,16,Good
2021-09-24,30.6,89,Moderate,,,No Data,3.1,12,Good
2021-09-25,29.1,86,Moderate,,,No Data,6.5,27,Good
2021-09-26,18.6,64,Moderate,,,No Data,3,12,Good
2021-09-27,27.3,82,Moderate,,,No Data,2.9,12,Good
2021-09-28,26.2,80,Moderate,,,No Data,1,4,Good
2021-09-29,25.9,80,Moderate,,,No Data,6.9,28,Good
2021-09-30,42.6,118,Unhealthy for Sensitive Groups,,,No Data,9.4,39,Good
2021-10-01,47,129,Unhealthy for Sensitive Groups,,,No Data,2.4,10,Good
2021-10-02,40.7,113,Unhealthy for Sensitive Groups,,,No Data,6.6,27,Good
2021-10-03,36.9,104,Unhealthy for Sensitive Groups,,,No Data,6.8,28,Good
2021-10-04,10.7,44,Good,,,No Data,2.1,8,Good
2021-10-05,13.2,53,Moderate,,,No Data,1.7,7,Good
2021-10-06,24.8,77,Moderate,,,No Data,2.6,10,Good
2021-10-07,15.6,58,Moderate,,,No Data,4.6,19,Good
2021-10-08,30.4,89,Moderate,,,No Data,1.8,7,Good
2021-10-09,52.3,142,Unhealthy for Sensitive Groups,,,No Data,4.1,17,Good
2021-10-10,31.1,90,Moderate,,,No Data,3.6,15,Good
2021-10-11,14.4,55,Moderate,,,No Data,3.1,12,Good
2021-10-12,22.1,72,Moderate,,,No Data,2.5,10,Good
2021-10-13,16.7,60,Moderate,,,No Data,1.9,7,Good
2021-10-14,22.7,73,Moderate,,,No Data,3.3,13,Good
2021-10-15,44.1,122,Unhealthy for Sensitive Groups,,,No Data,5.7,23,Good
2021-10-16,72.4,159,Unhealthy,,,No Data,6.4,26,Good
2021-10-17,57.9,152,Unhealthy,,,No Data,5.7,23,Good
2021-10-18,43.2,119,Unhealthy for Sensitive Groups,,,No Data,7.5,31,Good
2021-10-19,20.7,69,Moderate,,,No Data,2.1,8,Good
2021-10-20,29.6,87,Moderate,,,No Data,,,No Data
2021-10-21,32.4,93,Moderate,,,No Data,,,No Data
2021-10-22,23.2,74,Moderate,,,No Data,5.5,22,Good
2021-10-23,46.5,128,Unhealthy for Sensitive Groups,,,No Data,3.9,16,Good
2021-10-24,40.4,113,Unhealthy for Sensitive Groups,,,No Data,6.8,28,Good
2021-10-25,51.7,140,Unhealthy for Sensitive Groups,,,No Data,4.2,17,Good
2021-10-26,32.3,93,Moderate,,,No Data,4.6,19,Good
2021-10-27,25.1,78,Moderate,,,No Data,3.9,16,Good
2021-10-28,23,73,Moderate,,,No Data,3.3,13,Good
2021-10-29,23.5,74,Moderate,,,No Data,2.7,11,Good
2021-10-30,23.5,74,Moderate,,,No Data,2.8,11,Good
2021-10-31,21.2,70,Moderate,,,No Data,3.8,15,Good
2021-11-01,54,146,Unhealthy for Sensitive Groups,,,No Data,7.1,29,Good
2021-11-02,56.4,151,Unhealthy,,,No Data,4.1,17,Good
2021-11-03,57.5,152,Unhealthy,,,No Data,5.9,24,Good
2021-11-04,68.1,157,Unhealthy,,,No Data,5.6,23,Good
2021-11-05,75.7,161,Unhealthy,,,No Data,5.5,22,Good
2021-11-06,61.2,153,Unhealthy,,,No Data,5.1,21,Good
2021-11-07,,,No Data,,,No Data,3.7,15,Good
2021-11-08,19.6,66,Moderate,,,No Data,2.6,10,Good
2021-11-09,21,69,Moderate,,,No Data,3.7,15,Good
2021-11-10,26.8,81,Moderate,,,No Data,3.3,13,Good
2021-11-11,19.6,66,Moderate,,,No Data,6.1,25,Good
2021-11-12,14.8,56,Moderate,,,No Data,6.5,27,Good
2021-11-13,20.7,69,Moderate,,,No Data,9.9,41,Good
2021-11-14,21.3,70,Moderate,,,No Data,9.3,38,Good
2021-11-15,,,No Data,,,No Data,12.8,52,Moderate
2021-11-16,,,No Data,,,No Data,15.2,57,Moderate
2021-11-17,,,No Data,,,No Data,15,57,Moderate
2021-11-18,,,No Data,,,No Data,18.9,65,Moderate
2021-11-19,,,No Data,,,No Data,14.4,55,Moderate
2021-11-20,,,No Data,,,No Data,8.1,33,Good
2021-11-21,,,No Data,3.5,14,Good,10.1,42,Good
2021-11-22,,,No Data,3.6,15,Good,11.2,46,Good
2021-11-23,,,No Data,4.5,18,Good,12,50,Good
2021-11-24,,,No Data,4.4,18,Good,13.6,54,Moderate
2021-11-25,14.1,55,Moderate,2.9,12,Good,8.6,35,Good
2021-11-26,24.4,76,Moderate,3.8,15,Good,9.8,40,Good
2021-11-27,46.5,128,Unhealthy for Sensitive Groups,5.8,24,Good,15.7,58,Moderate
2021-11-28,34.4,97,Moderate,5.6,23,Good,16.1,59,Moderate
2021-11-29,18.7,64,Moderate,3.6,15,Good,11.6,48,Good
2021-11-30,31.4,91,Moderate,6.3,26,Good,14.3,55,Moderate
2021-12-01,28.2,84,Moderate,4.7,19,Good,10.7,44,Good
2021-12-02,27.9,84,Moderate,4.5,18,Good,12.7,52,Moderate
2021-12-03,29.3,87,Moderate,4.7,19,Good,12.3,51,Moderate
2021-12-04,10.6,44,Good,2.1,8,Good,9.5,39,Good
2021-12-05,21.8,71,Moderate,4.3,17,Good,13.1,53,Moderate
2021-12-06,31.7,92,Moderate,6,25,Good,14.9,56,Moderate
2021-12-07,24.2,76,Moderate,4.6,19,Good,11.4,47,Good
2021-12-08,35.6,101,Unhealthy for Sensitive Groups,6.3,26,Good,15.8,58,Moderate
2021-12-09,13.3,53,Moderate,2.7,11,Good,10.2,42,Good
2021-12-10,20.6,68,Moderate,3.5,14,Good,10.2,42,Good
2021-12-11,43.8,121,Unhealthy for Sensitive Groups,8.4,35,Good,17.2,61,Moderate
2021-12-12,,,No Data,5.8,24,Good,15.1,57,Moderate
2021-12-13,39.9,111,Unhealthy for Sensitive Groups,8.5,35,Good,18.9,65,Moderate
2021-12-14,34,97,Moderate,6.7,27,Good,16.9,61,Moderate
2021-12-15,30.9,90,Moderate,6.2,25,Good,15.8,58,Moderate
2021-12-16,21.7,71,Moderate,4.6,19,Good,14.9,56,Moderate
2021-12-17,21,69,Moderate,4.2,17,Good,9,37,Good
2021-12-18,14.6,56,Moderate,3,12,Good,10.5,43,Good
2021-12-19,13,52,Moderate,2.9,12,Good,10.5,43,Good
2021-12-20,14.9,56,Moderate,2.5,10,Good,11.1,46,Good
2021-12-21,21.9,71,Moderate,3.2,13,Good,12.9,52,Moderate
2021-12-22,25.2,78,Moderate,3.7,15,Good,11.1,46,Good
2021-12-23,6.3,26,Good,1.2,5,Good,6.1,25,Good
2021-12-24,4.5,18,Good,0.9,3,Good,2.5,10,Good
2021-12-25,8.2,34,Good,1.3,5,Good,3.8,15,Good
2021-12-26,7.8,32,Good,1.7,7,Good,3.1,12,Good
2021-12-27,11.2,46,Good,2.7,11,Good,5.1,21,Good
2021-12-28,9.1,37,Good,1.9,7,Good,4.5,18,Good
2021-12-29,18.5,64,Moderate,2.9,12,Good,5.8,24,Good
2021-12-30,27.6,83,Moderate,3.7,15,Good,7.9,32,Good
2021-12-31,16,59,Moderate,2.2,9,Good,4.5,18,Good
2022-01-01,7.3,30,Good,1.1,4,Good,4.1,17,Good
2022-01-02,26,80,Moderate,4.4,18,Good,8.1,33,Good
2022-01-03,28.3,85,Moderate,4.6,19,Good,10.1,42,Good
2022-01-04,23.5,74,Moderate,5.2,21,Good,12.1,51,Moderate
2022-01-05,26,80,Moderate,6.4,26,Good,12.5,51,Moderate
2022-01-06,17.7,62,Moderate,4,16,Good,8,33,Good
2022-01-07,11.5,47,Good,2.3,9,Good,5.5,22,Good
2022-01-08,10.1,42,Good,1.5,6,Good,6.2,25,Good
2022-01-09,33.9,96,Moderate,5.9,24,Good,13.6,54,Moderate
2022-01-10,53,144,Unhealthy for Sensitive Groups,8.6,35,Good,21.2,70,Moderate
2022-01-11,32.9,94,Moderate,5,20,Good,9.2,38,Good
2022-01-12,34.7,98,Moderate,4.4,18,Good,11,45,Good
2022-01-13,47.7,131,Unhealthy for Sensitive Groups,6.8,28,Good,15.5,58,Moderate
2022-01-14,46.5,128,Unhealthy for Sensitive Groups,4.6,19,Good,11.9,49,Good
2022-01-15,25.7,79,Moderate,2,8,Good,5.9,24,Good
2022-01-16,11.4,47,Good,1.6,6,Good,4.2,17,Good
2022-01-17,13.3,53,Moderate,2.2,9,Good,5.2,21,Good
2022-01-18,16.1,59,Moderate,3,12,Good,5.5,22,Good
2022-01-19,7.4,30,Good,3.9,16,Good,5,20,Good
2022-01-20,4.8,20,Good,1.4,5,Good,5.1,21,Good
2022-01-21,7.9,32,Good,1.7,7,Good,4.2,17,Good
2022-01-22,10,41,Good,1.5,6,Good,4.2,17,Good
2022-01-23,5.4,22,Good,1.3,5,Good,3.7,15,Good
2022-01-24,5.8,24,Good,1.3,5,Good,7.3,30,Good
2022-01-25,17.7,62,Moderate,2.7,11,Good,8.8,36,Good
2022-01-26,43.3,120,Unhealthy for Sensitive Groups,6.1,25,Good,13.3,53,Moderate
2022-01-27,74.1,160,Unhealthy,11.3,47,Good,20.9,69,Moderate
2022-01-28,51.3,139,Unhealthy for Sensitive Groups,8.2,34,Good,16,59,Moderate
2022-01-29,14.8,56,Moderate,1.3,5,Good,4.9,20,Good
2022-01-30,12.2,51,Moderate,2.5,10,Good,6.7,27,Good
2022-01-31,11,45,Good,1.8,7,Good,6.9,28,Good
2022-02-01,20.6,68,Moderate,2.4,10,Good,7.8,32,Good
2022-02-02,23.5,74,Moderate,3.4,14,Good,7.8,32,Good
2022-02-03,17.3,61,Moderate,3.1,12,Good,7.8,32,Good
2022-02-04,16.4,60,Moderate,2.5,10,Good,8.7,36,Good
2022-02-05,30,88,Moderate,4.1,17,Good,8.9,37,Good
2022-02-06,12.2,51,Moderate,1.8,7,Good,5.1,21,Good
2022-02-07,8.2,34,Good,1.9,7,Good,5,20,Good
2022-02-08,7.5,31,Good,1.8,7,Good,6.5,27,Good
2022-02-09,11.3,47,Good,2.1,8,Good,8.4,35,Good
2022-02-10,24.4,76,Moderate,3.3,13,Good,10.1,42,Good
2022-02-11,31.7,92,Moderate,4,16,Good,12.7,52,Moderate
2022-02-12,15.9,58,Moderate,2.6,10,Good,6.4,26,Good
2022-02-13,17.3,61,Moderate,3.4,14,Good,7.7,32,Good
2022-02-14,21.8,71,Moderate,4.5,18,Good,10.4,43,Good
2022-02-15,30,88,Moderate,4.6,19,Good,13,52,Moderate
2022-02-16,35.1,99,Moderate,6.8,28,Good,14.7,56,Moderate
2022-02-17,39.1,109,Unhealthy for Sensitive Groups,7.5,31,Good,17.8,62,Moderate
2022-02-18,24.1,76,Moderate,4.2,17,Good,13.1,53,Moderate
2022-02-19,25.9,80,Moderate,3.2,13,Good,9.6,40,Good
2022-02-20,18.3,64,Moderate,3.4,14,Good,8.5,35,Good
2022-02-21,27.7,83,Moderate,4,16,Good,10.7,44,Good
2022-02-22,30.5,89,Moderate,5.6,23,Good,13,52,Moderate
2022-02-23,39.8,111,Unhealthy for Sensitive Groups,6.3,26,Good,16.4,60,Moderate
2022-02-24,46.1,127,Unhealthy for Sensitive Groups,6.5,27,Good,19.8,67,Moderate
2022-02-25,50.4,137,Unhealthy for Sensitive Groups,7.3,30,Good,20.6,68,Moderate
2022-02-26,47.5,130,Unhealthy for Sensitive Groups,6.5,27,Good,17.4,62,Moderate
2022-02-27,22.5,72,Moderate,3.9,16,Good,13.6,54,Moderate
2022-02-28,30.6,89,Moderate,4.8,20,Good,13.9,54,Moderate
2022-03-01,14.8,56,Moderate,3.2,13,Good,9.3,38,Good
2022-03-02,23.7,75,Moderate,4.5,18,Good,11.6,48,Good
2022-03-03,31.1,90,Moderate,5.1,21,Good,14.9,56,Moderate
2022-03-04,45.1,124,Unhealthy for Sensitive Groups,6.5,27,Good,17.7,62,Moderate
2022-03-05,10.9,45,Good,3.1,12,Good,6.4,26,Good
2022-03-06,28.3,85,Moderate,5.2,21,Good,12.1,51,Moderate
2022-03-07,26.4,81,Moderate,4.3,17,Good,10.5,43,Good
2022-03-08,22.9,73,Moderate,4.1,17,Good,9,37,Good
2022-03-09,11.6,48,Good,2.9,12,Good,7.8,32,Good
2022-03-10,15.8,58,Moderate,3.8,15,Good,9,37,Good
2022-03-11,21.4,70,Moderate,4.8,20,Good,15.1,57,Moderate
2022-03-12,16.7,60,Moderate,3,12,Good,7.6,31,Good
2022-03-13,16.9,61,Moderate,2.8,11,Good,8.7,36,Good
2022-03-14,30.3,89,Moderate,5.4,22,Good,12.6,52,Moderate
2022-03-15,39.7,111,Unhealthy for Sensitive Groups,7.1,29,Good,11.3,47,Good
2022-03-16,23.9,75,Moderate,4.7,19,Good,,,No Data
2022-03-17,13.9,54,Moderate,2.7,11,Good,6,25,Good
2022-03-18,10.8,45,Good,2.3,9,Good,5.8,24,Good
2022-03-19,10.1,42,Good,2.2,9,Good,6.2,25,Good
2022-03-20,10.1,42,Good,2,8,Good,6.2,25,Good
2022-03-21,20.3,68,Moderate,3.3,13,Good,9,37,Good
2022-03-22,26.8,81,Moderate,4,16,Good,10.3,42,Good
2022-03-23,33,94,Moderate,6.3,26,Good,16,59,Moderate
2022-03-24,22.5,72,Moderate,5.3,22,Good,16.2,59,Moderate
2022-03-25,19.9,67,Moderate,3.6,15,Good,14,54,Moderate
2022-03-26,15.9,58,Moderate,3.1,12,Good,6.5,27,Good
2022-03-27,10.3,42,Good,1.9,7,Good,5,20,Good
2022-03-28,12.8,52,Moderate,3.5,14,Good,11,45,Good
2022-03-29,15.1,57,Moderate,3.3,13,Good,11.9,49,Good
2022-03-30,27.9,84,Moderate,5.8,24,Good,18.6,64,Moderate
2022-03-31,40.4,113,Unhealthy for Sensitive Groups,9.2,38,Good,21.7,71,Moderate
2022-04-01,33.7,96,Moderate,7.9,32,Good,20.4,68,Moderate
2022-04-02,,,No Data,6.7,27,Good,12.8,52,Moderate
2022-04-03,,,No Data,9.6,40,Good,19.2,65,Moderate
2022-04-04,,,No Data,11.1,46,Good,27,82,Moderate
2022-04-05,,,No Data,,,No Data,33.7,96,Moderate
2022-04-06,,,No Data,,,No Data,33.4,95,Moderate
2022-04-07,,,No Data,,,No Data,31.6,92,Moderate
2022-04-08,,,No Data,,,No Data,,,No Data
2022-04-09,,,No Data,,,No Data,,,No Data
2022-04-10,,,No Data,,,No Data,,,No Data
2022-04-11,,,No Data,,,No Data,,,No Data
2022-04-12,,,No Data,,,No Data,,,No Data
2022-04-13,,,No Data,,,No Data,,,No Data
2022-04-14,,,No Data,,,No Data,,,No Data
2022-04-15,,,No Data,,,No Data,,,No Data
2022-04-16,,,No Data,,,No Data,,,No Data
2022-04-17,,,No Data,,,No Data,,,No Data
2022-04-18,,,No Data,,,No Data,,,No Data
2022-04-19,,,No Data,,,No Data,,,No Data
2022-04-20,46.1,127,Unhealthy for Sensitive Groups,5.7,23,Good,14.7,56,Moderate
2022-04-21,58.5,152,Unhealthy,6.9,28,Good,16.4,60,Moderate
2022-04-22,67.8,157,Unhealthy,9.8,40,Good,21.8,71,Moderate
2022-04-23,76.7,161,Unhealthy,12.3,51,Moderate,22.1,72,Moderate
2022-04-24,58.5,152,Unhealthy,8.1,33,Good,15.5,58,Moderate
2022-04-25,35.7,101,Unhealthy for Sensitive Groups,4.9,20,Good,14.4,55,Moderate
2022-04-26,40.3,112,Unhealthy for Sensitive Groups,5.7,23,Good,13.4,53,Moderate
2022-04-27,19.8,67,Moderate,2.7,11,Good,9.5,39,Good
2022-04-28,17.2,61,Moderate,2.3,9,Good,9.2,38,Good
2022-04-29,37.3,105,Unhealthy for Sensitive Groups,4.1,17,Good,10.5,43,Good
2022-04-30,17.1,61,Moderate,1.7,7,Good,5.9,24,Good
2022-05-01,22.4,72,Moderate,2.2,9,Good,5.2,21,Good
2022-05-02,28.8,86,Moderate,3.6,15,Good,6.4,26,Good
2022-05-03,55.7,151,Unhealthy,2.8,11,Good,8.6,35,Good
2022-05-04,23,73,Moderate,3,12,Good,6.5,27,Good
2022-05-05,30.2,89,Moderate,4.2,17,Good,9,37,Good
2022-05-06,41.5,115,Unhealthy for Sensitive Groups,4.1,17,Good,12.6,52,Moderate
2022-05-07,29.2,86,Moderate,2.5,10,Good,6.5,27,Good
2022-05-08,24.7,77,Moderate,2.1,8,Good,6.1,25,Good
2022-05-09,13.4,53,Moderate,1.4,5,Good,5.8,24,Good
2022-05-10,20.3,68,Moderate,2.4,10,Good,9.3,38,Good
2022-05-11,18.7,64,Moderate,2.2,9,Good,11.8,49,Good
2022-05-12,17.3,61,Moderate,1.8,7,Good,13.3,53,Moderate
2022-05-13,21.2,70,Moderate,2,8,Good,12.5,51,Moderate
2022-05-14,31.7,92,Moderate,2.2,9,Good,4.8,20,Good
2022-05-15,50,136,Unhealthy for Sensitive Groups,2.8,11,Good,5.8,24,Good
2022-05-16,28.9,86,Moderate,3.1,12,Good,12.2,51,Moderate
2022-05-17,104.8,176,Unhealthy,5.9,24,Good,13.8,54,Moderate
2022-05-18,89.3,168,Unhealthy,8.2,34,Good,12.7,52,Moderate
2022-05-19,32.3,93,Moderate,2.5,10,Good,9,37,Good
2022-05-20,18.7,64,Moderate,1.9,7,Good,6.5,27,Good
2022-05-21,28.2,84,Moderate,3,12,Good,5.1,21,Good
2022-05-22,25.8,79,Moderate,2.5,10,Good,4.6,19,Good
2022-05-23,29,86,Moderate,2.9,12,Good,12.6,52,Moderate
2022-05-24,80.1,163,Unhealthy,4.7,19,Good,15.1,57,Moderate
2022-05-25,60.3,153,Unhealthy,3.7,15,Good,11.5,47,Good
2022-05-26,18.5,64,Moderate,2.1,8,Good,7.9,32,Good
2022-05-27,20.1,67,Moderate,2.1,8,Good,8.8,36,Good
2022-05-28,22.1,72,Moderate,1.7,7,Good,3.5,14,Good
2022-05-29,21.2,70,Moderate,2.4,10,Good,4.6,19,Good
2022-05-30,29.4,87,Moderate,5.5,22,Good,14,54,Moderate
2022-05-31,42.9,119,Unhealthy for Sensitive Groups,4.7,19,Good,9.7,40,Good
2022-06-01,68.9,157,Unhealthy,7.4,30,Good,14.5,56,Moderate
2022-06-02,30.3,89,Moderate,2.6,10,Good,7.6,31,Good
2022-06-03,38.1,107,Unhealthy for Sensitive Groups,3.3,13,Good,8.6,35,Good
2022-06-04,67.7,157,Unhealthy,8.7,36,Good,11.6,48,Good
2022-06-05,113.1,180,Unhealthy,16.5,60,Moderate,20.1,67,Moderate
2022-06-06,100.6,174,Unhealthy,13.7,54,Moderate,20.7,69,Moderate
2022-06-07,53.7,145,Unhealthy for Sensitive Groups,6.8,28,Good,12.7,52,Moderate
2022-06-08,38.5,108,Unhealthy for Sensitive Groups,4.1,17,Good,9.8,40,Good
2022-06-09,63,154,Unhealthy,8.4,35,Good,14.9,56,Moderate
2022-06-10,77.7,162,Unhealthy,10.3,42,Good,18.4,64,Moderate
2022-06-11,19.4,66,Moderate,2,8,Good,4.2,17,Good
2022-06-12,24.5,77,Moderate,2.2,9,Good,5.2,21,Good
2022-06-13,36.7,103,Unhealthy for Sensitive Groups,3.1,12,Good,9.6,40,Good
2022-06-14,35.6,101,Unhealthy for Sensitive Groups,2.7,11,Good,7.2,30,Good
2022-06-15,40.6,113,Unhealthy for Sensitive Groups,4.5,18,Good,9,37,Good
2022-06-16,83.2,165,Unhealthy,11.5,47,Good,17.7,62,Moderate
2022-06-17,31.9,92,Moderate,4,16,Good,9,37,Good
2022-06-18,44.9,124,Unhealthy for Sensitive Groups,4.4,18,Good,7.4,30,Good
2022-06-19,45.9,126,Unhealthy for Sensitive Groups,4.9,20,Good,7.5,31,Good
2022-06-20,41.5,115,Unhealthy for Sensitive Groups,3.9,16,Good,8.1,33,Good
2022-06-21,51.4,140,Unhealthy for Sensitive Groups,7.1,29,Good,12.7,52,Moderate
2022-06-22,71.3,159,Unhealthy,11.4,47,Good,18.4,64,Moderate
2022-06-23,61.8,154,Unhealthy,7.6,31,Good,11.7,48,Good
2022-06-24,41.7,116,Unhealthy for Sensitive Groups,3.1,12,Good,6.9,28,Good
2022-06-25,51.6,140,Unhealthy for Sensitive Groups,3.9,16,Good,6.4,26,Good
2022-06-26,48.7,133,Unhealthy for Sensitive Groups,5.5,22,Good,9.1,37,Good
2022-06-27,45.1,124,Unhealthy for Sensitive Groups,5.1,21,Good,11,45,Good
2022-06-28,34.8,98,Moderate,3.3,13,Good,6.1,25,Good
2022-06-29,46.8,128,Unhealthy for Sensitive Groups,4.3,17,Good,8.3,34,Good
2022-06-30,43.1,119,Unhealthy for Sensitive Groups,7.4,30,Good,10.8,45,Good
2022-07-01,59.9,153,Unhealthy,11.3,47,Good,15.6,58,Moderate
2022-07-02,44.8,123,Unhealthy for Sensitive Groups,7.6,31,Good,11.9,49,Good
2022-07-03,34.8,98,Moderate,7.5,31,Good,9.3,38,Good
2022-07-04,42.8,118,Unhealthy for Sensitive Groups,7.2,30,Good,10.2,42,Good
2022-07-05,42.5,118,Unhealthy for Sensitive Groups,5.8,24,Good,6.7,27,Good
2022-07-06,37.1,104,Unhealthy for Sensitive Groups,5.7,23,Good,8.9,37,Good
2022-07-07,15.7,58,Moderate,2,8,Good,2.6,10,Good
2022-07-08,6.6,27,Good,1.1,4,Good,1.7,7,Good
2022-07-09,6.4,26,Good,0.9,3,Good,1.4,5,Good
2022-07-10,9.5,39,Good,1.3,5,Good,2.1,8,Good
2022-07-11,5.2,21,Good,0.7,2,Good,1.1,4,Good
2022-07-12,8,33,Good,1.2,5,Good,1.9,7,Good
2022-07-13,12.6,52,Moderate,1.9,7,Good,2.9,12,Good
2022-07-14,34.1,97,Moderate,4.4,18,Good,8.4,35,Good
2022-07-15,49.4,135,Unhealthy for Sensitive Groups,7.2,30,Good,11.9,49,Good
2022-07-16,29.1,86,Moderate,4.1,17,Good,5.2,21,Good
2022-07-17,36.1,102,Unhealthy for Sensitive Groups,4.8,20,Good,,,No Data
2022-07-18,23.3,74,Moderate,3.2,13,Good,,,No Data
2022-07-19,24.2,76,Moderate,3.2,13,Good,4.8,20,Good
2022-07-20,12.6,52,Moderate,2.1,8,Good,6,25,Good
2022-07-21,11.1,46,Good,1.7,7,Good,2.7,11,Good
2022-07-22,13.9,54,Moderate,2.4,10,Good,4.2,17,Good
2022-07-23,13.1,53,Moderate,1.9,7,Good,3.8,15,Good
2022-07-24,21.8,71,Moderate,3,12,Good,3.9,16,Good
2022-07-25,25.9,80,Moderate,5.2,21,Good,4.4,18,Good
2022-07-26,30.5,89,Moderate,3.4,14,Good,,,No Data
2022-07-27,12.5,51,Moderate,2,8,Good,1.2,5,Good
2022-07-28,12.3,51,Moderate,1.2,5,Good,2.3,9,Good
2022-07-29,12.2,51,Moderate,1.6,6,Good,1.5,6,Good
2022-07-30,14.6,56,Moderate,1.6,6,Good,3,12,Good
2022-07-31,13.9,54,Moderate,1.9,7,Good,3.1,12,Good
2022-08-01,14,54,Moderate,2.6,10,Good,3.4,14,Good
2022-08-02,11.9,49,Good,2.3,9,Good,3.5,14,Good
2022-08-03,22.5,72,Moderate,4.3,17,Good,6.6,27,Good
2022-08-04,45.1,124,Unhealthy for Sensitive Groups,10.1,42,Good,17.6,62,Moderate
2022-08-05,50.5,137,Unhealthy for Sensitive Groups,9,37,Good,13.8,54,Moderate
2022-08-06,46,126,Unhealthy for Sensitive Groups,11.5,47,Good,19,65,Moderate
2022-08-07,32.3,93,Moderate,6.3,26,Good,9.4,39,Good
2022-08-08,30,88,Moderate,5,20,Good,7.8,32,Good
2022-08-09,42.3,117,Unhealthy for Sensitive Groups,7.2,30,Good,10.5,43,Good
2022-08-10,67.8,157,Unhealthy,13.9,54,Moderate,29.7,88,Moderate
2022-08-11,64.8,155,Unhealthy,15.5,58,Moderate,21.5,70,Moderate
2022-08-12,59.9,153,Unhealthy,15.7,58,Moderate,24.4,76,Moderate
2022-08-13,25.7,79,Moderate,4.6,19,Good,,,No Data
2022-08-14,93.5,170,Unhealthy,14.8,56,Moderate,,,No Data
2022-08-15,44,121,Unhealthy for Sensitive Groups,10.3,42,Good,6,25,Good
2022-08-16,38.9,109,Unhealthy for Sensitive Groups,6.5,27,Good,11,45,Good
2022-08-17,71.1,159,Unhealthy,12.4,51,Moderate,20.1,67,Moderate
2022-08-18,62.3,154,Unhealthy,14.7,56,Moderate,29.7,88,Moderate
2022-08-19,48.4,132,Unhealthy for Sensitive Groups,10,41,Good,17,61,Moderate
2022-08-20,38.7,108,Unhealthy for Sensitive Groups,6.9,28,Good,11.2,46,Good
2022-08-21,37.4,105,Unhealthy for Sensitive Groups,6.5,27,Good,11.8,49,Good
2022-08-22,37.7,106,Unhealthy for Sensitive Groups,5.5,22,Good,13.3,53,Moderate
2022-08-23,34.7,98,Moderate,4.8,20,Good,11.4,47,Good
2022-08-24,30.4,89,Moderate,4.6,19,Good,10.2,42,Good
2022-08-25,19.2,65,Moderate,2.9,12,Good,7.7,32,Good
2022-08-26,13.1,53,Moderate,1.8,7,Good,6.4,26,Good
2022-08-27,17.3,61,Moderate,1.8,7,Good,10.7,44,Good
2022-08-28,14.5,56,Moderate,1.9,7,Good,11.7,48,Good
2022-08-29,20.8,69,Moderate,2.4,10,Good,12.3,51,Moderate
2022-08-30,18,63,Moderate,2.5,10,Good,10.9,45,Good
2022-08-31,14.6,56,Moderate,2,8,Good,12.6,52,Moderate
2022-09-01,27.7,83,Moderate,3.2,13,Good,18,63,Moderate
2022-09-02,80.3,163,Unhealthy,13,52,Moderate,32.4,93,Moderate
2022-09-03,37,104,Unhealthy for Sensitive Groups,8.6,35,Good,19.7,66,Moderate
2022-09-04,23.9,75,Moderate,2.4,10,Good,13.6,54,Moderate
2022-09-05,13.6,54,Moderate,2.4,10,Good,11,45,Good
2022-09-06,12.8,52,Moderate,2.3,9,Good,,,No Data
2022-09-07,19.7,66,Moderate,2.5,10,Good,,,No Data
2022-09-08,21.4,70,Moderate,3.6,15,Good,29,86,Moderate
2022-09-09,24.4,76,Moderate,3,12,Good,17,61,Moderate
2022-09-10,33.2,95,Moderate,4.4,18,Good,8.5,35,Good
2022-09-11,43.5,120,Unhealthy for Sensitive Groups,7.4,30,Good,,,No Data
2022-09-12,83.9,165,Unhealthy,15.5,58,Moderate,47.6,130,Unhealthy for Sensitive Groups
2022-09-13,84.8,166,Unhealthy,17.5,62,Moderate,40.1,112,Unhealthy for Sensitive Groups
2022-09-14,,,No Data,9.8,40,Good,24.5,77,Moderate
2022-09-15,,,No Data,7.3,30,Good,21.1,69,Moderate
2022-09-16,,,No Data,7.4,30,Good,16.4,60,Moderate
2022-09-17,,,No Data,2.4,10,Good,11.2,46,Good
2022-09-18,,,No Data,4,16,Good,13.7,54,Moderate
2022-09-19,,,No Data,5.6,23,Good,18.2,63,Moderate
2022-09-20,27.5,83,Moderate,3.7,15,Good,13.2,53,Moderate
2022-09-21,26.4,81,Moderate,3.4,14,Good,11.1,46,Good
2022-09-22,30.2,89,Moderate,3.2,13,Good,11.7,48,Good
2022-09-23,47.5,130,Unhealthy for Sensitive Groups,7.8,32,Good,17.3,61,Moderate
2022-09-24,54.3,147,Unhealthy for Sensitive Groups,9.1,37,Good,25.2,78,Moderate
2022-09-25,39.6,111,Unhealthy for Sensitive Groups,5.8,24,Good,21.7,71,Moderate
2022-09-26,51.9,141,Unhealthy for Sensitive Groups,8.3,34,Good,20.7,69,Moderate
2022-09-27,65.2,156,Unhealthy,12.1,51,Moderate,33.1,95,Moderate
2022-09-28,23.5,74,Moderate,5.8,24,Good,18.1,63,Moderate
2022-09-29,21.3,70,Moderate,2.9,12,Good,13.1,53,Moderate
2022-09-30,41,114,Unhealthy for Sensitive Groups,6.4,26,Good,17.7,62,Moderate
2022-10-01,38.1,107,Unhealthy for Sensitive Groups,6.6,27,Good,20.2,68,Moderate
2022-10-02,51.6,140,Unhealthy for Sensitive Groups,10.4,43,Good,31.9,92,Moderate
2022-10-03,56.9,151,Unhealthy,11.2,46,Good,28.6,85,Moderate
2022-10-04,35.7,101,Unhealthy for Sensitive Groups,4.9,20,Good,14.8,56,Moderate
2022-10-05,43.6,120,Unhealthy for Sensitive Groups,5.8,24,Good,20.7,69,Moderate
2022-10-06,72.3,159,Unhealthy,11.2,46,Good,28.3,85,Moderate
2022-10-07,91.4,169,Unhealthy,11,45,Good,27.1,82,Moderate
2022-10-08,12.8,52,Moderate,1.6,6,Good,11.6,48,Good
2022-10-09,14.4,55,Moderate,2,8,Good,13.5,53,Moderate
2022-10-10,19.7,66,Moderate,2.9,12,Good,11.7,48,Good
2022-10-11,46.5,128,Unhealthy for Sensitive Groups,8,33,Good,21.2,70,Moderate
2022-10-12,79.1,163,Unhealthy,13.7,54,Moderate,34.6,98,Moderate
2022-10-13,46.2,127,Unhealthy for Sensitive Groups,8,33,Good,19.4,66,Moderate
2022-10-14,38.4,108,Unhealthy for Sensitive Groups,5,20,Good,15.5,58,Moderate
2022-10-15,37.9,106,Unhealthy for Sensitive Groups,5,20,Good,19.1,65,Moderate
2022-10-16,47.4,130,Unhealthy for Sensitive Groups,6.6,27,Good,21.6,70,Moderate
2022-10-17,54.2,147,Unhealthy for Sensitive Groups,8.2,34,Good,21.5,70,Moderate
2022-10-18,69.1,158,Unhealthy,11.6,48,Good,27.9,84,Moderate
2022-10-19,49,134,Unhealthy for Sensitive Groups,7.6,31,Good,18.1,63,Moderate
2022-10-20,49.8,136,Unhealthy for Sensitive Groups,7.6,31,Good,19.9,67,Moderate
2022-10-21,59.8,153,Unhealthy,9,37,Good,21.4,70,Moderate
2022-10-22,53.9,146,Unhealthy for Sensitive Groups,8,33,Good,25.8,79,Moderate
2022-10-23,50.9,138,Unhealthy for Sensitive Groups,6.9,28,Good,23.9,75,Moderate
2022-10-24,41.5,115,Unhealthy for Sensitive Groups,5.9,24,Good,19,65,Moderate
2022-10-25,50.5,137,Unhealthy for Sensitive Groups,7.4,30,Good,22.4,72,Moderate
2022-10-26,57.1,151,Unhealthy,8.9,37,Good,24.9,77,Moderate
2022-10-27,65.2,156,Unhealthy,11.3,47,Good,25.3,78,Moderate
2022-10-28,81.6,164,Unhealthy,13.8,54,Moderate,32.7,94,Moderate
2022-10-29,78.3,162,Unhealthy,11.3,47,Good,34.1,97,Moderate
2022-10-30,82.8,165,Unhealthy,10.9,45,Good,35.2,99,Moderate
2022-10-31,93.3,170,Unhealthy,12.2,51,Moderate,37,104,Unhealthy for Sensitive Groups
2022-11-01,103.2,175,Unhealthy,13.9,54,Moderate,40.7,113,Unhealthy for Sensitive Groups
2022-11-02,79.6,163,Unhealthy,9.9,41,Good,30.9,90,Moderate
2022-11-03,71.6,159,Unhealthy,8.5,35,Good,23.6,75,Moderate
2022-11-04,30.7,90,Moderate,4.9,20,Good,15.7,58,Moderate
2022-11-05,29.5,87,Moderate,3.9,16,Good,13.3,53,Moderate
2022-11-06,20.5,68,Moderate,3.4,14,Good,18.5,64,Moderate
2022-11-07,29.2,86,Moderate,3.9,16,Good,15.6,58,Moderate
2022-11-08,34.8,98,Moderate,4.2,17,Good,14,54,Moderate
2022-11-09,76.6,161,Unhealthy,3.4,14,Good,12,50,Good
2022-11-10,32.6,94,Moderate,3.7,15,Good,12.3,51,Moderate
2022-11-11,35,99,Moderate,3.5,14,Good,11.2,46,Good
2022-11-12,42.1,117,Unhealthy for Sensitive Groups,4.1,17,Good,14.6,56,Moderate
2022-11-13,51.9,141,Unhealthy for Sensitive Groups,7.1,29,Good,24.9,77,Moderate
2022-11-14,14,54,Moderate,2.3,9,Good,10,41,Good
2022-11-15,11.5,47,Good,1.9,7,Good,10.1,42,Good
2022-11-16,17.4,62,Moderate,3,12,Good,12.5,51,Moderate
2022-11-17,41.8,116,Unhealthy for Sensitive Groups,5.8,24,Good,18.5,64,Moderate
2022-11-18,41.3,115,Unhealthy for Sensitive Groups,4.5,18,Good,13.1,53,Moderate
2022-11-19,50.5,137,Unhealthy for Sensitive Groups,5,20,Good,18.6,64,Moderate
2022-11-20,28.1,84,Moderate,2.6,10,Good,18.5,64,Moderate
2022-11-21,18.7,64,Moderate,2.6,10,Good,10.5,43,Good
2022-11-22,37.5,105,Unhealthy for Sensitive Groups,4.7,19,Good,18.9,65,Moderate
2022-11-23,19.2,65,Moderate,2.3,9,Good,14.6,56,Moderate
2022-11-24,30.1,88,Moderate,3.4,14,Good,13.6,54,Moderate
2022-11-25,28.5,85,Moderate,4.4,18,Good,14.6,56,Moderate
2022-11-26,24,76,Moderate,2.7,11,Good,19.9,67,Moderate
2022-11-27,23.8,75,Moderate,2.6,10,Good,18.8,65,Moderate
2022-11-28,29.8,88,Moderate,3.4,14,Good,14.4,55,Moderate
2022-11-29,48,131,Unhealthy for Sensitive Groups,4.7,19,Good,17.8,62,Moderate
2022-11-30,50.8,138,Unhealthy for Sensitive Groups,4.8,20,Good,16.9,61,Moderate
2022-12-01,52.4,142,Unhealthy for Sensitive Groups,5.3,22,Good,17.5,62,Moderate
2022-12-02,38.1,107,Unhealthy for Sensitive Groups,4.8,20,Good,19.1,65,Moderate
2022-12-03,35,99,Moderate,3.8,15,Good,15.8,58,Moderate
2022-12-04,42.3,117,Unhealthy for Sensitive Groups,4.6,19,Good,18.1,63,Moderate
2022-12-05,29.4,87,Moderate,2.8,11,Good,11.6,48,Good
2022-12-06,44.4,122,Unhealthy for Sensitive Groups,3.2,13,Good,13.3,53,Moderate
2022-12-07,50.1,136,Unhealthy for Sensitive Groups,3.6,15,Good,13.8,54,Moderate
2022-12-08,46.2,127,Unhealthy for Sensitive Groups,3.7,15,Good,14.8,56,Moderate
2022-12-09,26,80,Moderate,,,No Data,8.9,37,Good
2022-12-10,20.3,68,Moderate,,,No Data,9.2,38,Good
2022-12-11,27.4,83,Moderate,,,No Data,16.8,60,Moderate
2022-12-12,19.6,66,Moderate,2.9,12,Good,12.6,52,Moderate
2022-12-13,26.8,81,Moderate,5.6,23,Good,10.8,45,Good
2022-12-14,32.8,94,Moderate,4.4,18,Good,10.9,45,Good
2022-12-15,33,94,Moderate,4.1,17,Good,12.2,51,Moderate
2022-12-16,32.6,94,Moderate,3.7,15,Good,9.5,39,Good
2022-12-17,48.9,133,Unhealthy for Sensitive Groups,5.6,23,Good,16.8,60,Moderate
2022-12-18,31.1,90,Moderate,3.4,14,Good,14,54,Moderate
2022-12-19,38.1,107,Unhealthy for Sensitive Groups,4.3,17,Good,16.7,60,Moderate
2022-12-20,23.2,74,Moderate,2.7,11,Good,12.2,51,Moderate
2022-12-21,19.3,66,Moderate,2.5,10,Good,3.4,14,Good
2022-12-22,33.7,96,Moderate,2.8,11,Good,4.6,19,Good
2022-12-23,27.1,82,Moderate,2.9,12,Good,4.6,19,Good
2022-12-24,26.9,82,Moderate,2.1,8,Good,3.4,14,Good
2022-12-25,27.8,84,Moderate,2,8,Good,3.3,13,Good
2022-12-26,29.2,86,Moderate,2.4,10,Good,4.1,17,Good
2022-12-27,46.2,127,Unhealthy for Sensitive Groups,2,8,Good,4.7,19,Good
2022-12-28,33.4,95,Moderate,3.1,12,Good,5.1,21,Good
2022-12-29,11.2,46,Good,2.2,9,Good,3,12,Good
2022-12-30,13.2,53,Moderate,2.3,9,Good,3,12,Good
2022-12-31,15.3,57,Moderate,2.8,11,Good,4.2,17,Good
2023-01-01,25,78,Moderate,3.4,14,Good,5.8,24,Good
2023-01-02,29.3,87,Moderate,4.3,17,Good,7.2,30,Good
2023-01-03,18.1,63,Moderate,2.1,8,Good,6,25,Good
2023-01-04,18.8,65,Moderate,1.9,7,Good,6.3,26,Good
2023-01-05,32.6,94,Moderate,1.8,7,Good,9.7,40,Good
2023-01-06,24.6,77,Moderate,1.9,7,Good,9.2,38,Good
2023-01-07,10.4,43,Good,0.9,3,Good,4.4,18,Good
2023-01-08,15.1,57,Moderate,1.5,6,Good,8.7,36,Good
2023-01-09,40.2,112,Unhealthy for Sensitive Groups,5.4,22,Good,11.6,48,Good
2023-01-10,69.1,158,Unhealthy,4.8,20,Good,11.5,47,Good
2023-01-11,29.1,86,Moderate,4.4,18,Good,9.6,40,Good
2023-01-12,29,86,Moderate,3.9,16,Good,9.7,40,Good
2023-01-13,19.3,66,Moderate,1.3,5,Good,6,25,Good
2023-01-14,12.3,51,Moderate,0.9,3,Good,6.3,26,Good
2023-01-15,11.8,49,Good,1,4,Good,6.7,27,Good
2023-01-16,17.5,62,Moderate,1.5,6,Good,6,25,Good
2023-01-17,74.9,161,Unhealthy,7.1,29,Good,15.4,57,Moderate
2023-01-18,41.7,116,Unhealthy for Sensitive Groups,6,25,Good,12.8,52,Moderate
2023-01-19,34,97,Moderate,,,No Data,11.4,47,Good
2023-01-20,28.6,85,Moderate,3.5,14,Good,12.3,51,Moderate
2023-01-21,13.3,53,Moderate,1.8,7,Good,8.1,33,Good
2023-01-22,13.3,53,Moderate,1.9,7,Good,8.5,35,Good
2023-01-23,26.4,81,Moderate,2.4,10,Good,9.7,40,Good
2023-01-24,19.4,66,Moderate,2,8,Good,11.5,47,Good
2023-01-25,26.6,81,Moderate,2.3,9,Good,12.3,51,Moderate
2023-01-26,24.6,77,Moderate,2.2,9,Good,17.8,62,Moderate
2023-01-27,18.1,63,Moderate,2.3,9,Good,18.3,64,Moderate
2023-01-28,19.5,66,Moderate,3.1,12,Good,14.4,55,Moderate
2023-01-29,36.1,102,Unhealthy for Sensitive Groups,5.7,23,Good,23.7,75,Moderate
2023-01-30,62.5,154,Unhealthy,10.4,43,Good,27.3,82,Moderate
2023-01-31,56.9,151,Unhealthy,7.4,30,Good,19.5,66,Moderate
2023-02-01,48.1,132,Unhealthy for Sensitive Groups,3.7,15,Good,13.6,54,Moderate
2023-02-02,49,134,Unhealthy for Sensitive Groups,3.3,13,Good,14.7,56,Moderate
2023-02-03,66.2,156,Unhealthy,6.1,25,Good,28.8,86,Moderate
2023-02-04,24.1,76,Moderate,1.5,6,Good,14.4,55,Moderate
2023-02-05,18,63,Moderate,1.8,7,Good,22.2,72,Moderate
2023-02-06,33.8,96,Moderate,2.5,10,Good,12.1,51,Moderate
2023-02-07,65.3,156,Unhealthy,3.4,14,Good,14.8,56,Moderate
2023-02-08,82.7,165,Unhealthy,6.9,28,Good,19,65,Moderate
2023-02-09,50.3,137,Unhealthy for Sensitive Groups,1.6,6,Good,13.1,53,Moderate
2023-02-10,15.9,58,Moderate,1.9,7,Good,13.3,53,Moderate
2023-02-11,10,41,Good,1.9,7,Good,14.9,56,Moderate
2023-02-12,42.8,118,Unhealthy for Sensitive Groups,6.5,27,Good,21.5,70,Moderate
2023-02-13,22.7,73,Moderate,2.1,8,Good,14.5,56,Moderate
2023-02-14,36.7,103,Unhealthy for Sensitive Groups,2.3,9,Good,14.5,56,Moderate
2023-02-15,83.3,165,Unhealthy,3.1,12,Good,14.9,56,Moderate
2023-02-16,40,112,Unhealthy for Sensitive Groups,2.6,10,Good,15.4,57,Moderate
2023-02-17,44.3,122,Unhealthy for Sensitive Groups,4.2,17,Good,13.5,53,Moderate
2023-02-18,48.1,132,Unhealthy for Sensitive Groups,1.3,5,Good,9.7,40,Good
2023-02-19,24.5,77,Moderate,2.5,10,Good,13.2,53,Moderate
2023-02-20,22.6,73,Moderate,3.3,13,Good,11,45,Good
2023-02-21,21.7,71,Moderate,3.8,15,Good,12.6,52,Moderate
2023-02-22,20.5,68,Moderate,4.1,17,Good,14.2,55,Moderate
2023-02-23,41.5,115,Unhealthy for Sensitive Groups,6.3,26,Good,19,65,Moderate
2023-02-24,52.5,142,Unhealthy for Sensitive Groups,5.4,22,Good,12.4,51,Moderate
2023-02-25,68.1,157,Unhealthy,4.8,20,Good,15.6,58,Moderate
2023-02-26,42.2,117,Unhealthy for Sensitive Groups,4.1,17,Good,16.5,60,Moderate
2023-02-27,42.3,117,Unhealthy for Sensitive Groups,7.1,29,Good,29.3,87,Moderate
2023-02-28,47.5,130,Unhealthy for Sensitive Groups,6.2,25,Good,25.1,78,Moderate
2023-03-01,54.7,148,Unhealthy for Sensitive Groups,9.3,38,Good,16.8,60,Moderate
2023-03-02,57,151,Unhealthy,9.5,39,Good,18.1,63,Moderate
2023-03-03,64.8,155,Unhealthy,11.8,49,Good,21.8,71,Moderate
2023-03-04,65.7,156,Unhealthy,12.4,51,Moderate,23.3,74,Moderate
2023-03-05,108.5,178,Unhealthy,19.6,66,Moderate,34.2,97,Moderate
2023-03-06,88.8,168,Unhealthy,21.7,71,Moderate,31,90,Moderate
2023-03-07,79.7,163,Unhealthy,17,61,Moderate,24.6,77,Moderate
2023-03-08,99,173,Unhealthy,20.8,69,Moderate,31.2,91,Moderate
2023-03-09,60.7,153,Unhealthy,6.5,27,Good,18.6,64,Moderate
2023-03-10,44.7,123,Unhealthy for Sensitive Groups,3.9,16,Good,14.7,56,Moderate
2023-03-11,34.3,97,Moderate,5,20,Good,16.4,60,Moderate
2023-03-12,37,104,Unhealthy for Sensitive Groups,5.7,23,Good,16.5,60,Moderate
2023-03-13,47.6,130,Unhealthy for Sensitive Groups,6.1,25,Good,19,65,Moderate
2023-03-14,44.3,122,Unhealthy for Sensitive Groups,6,25,Good,21.7,71,Moderate
2023-03-15,43.1,119,Unhealthy for Sensitive Groups,7.1,29,Good,16,59,Moderate
2023-03-16,51.4,140,Unhealthy for Sensitive Groups,9.2,38,Good,19.4,66,Moderate
2023-03-17,25.3,78,Moderate,2,8,Good,13.1,53,Moderate
2023-03-18,16.9,61,Moderate,1.7,7,Good,19.7,66,Moderate
2023-03-19,19.1,65,Moderate,3.3,13,Good,13.6,54,Moderate
2023-03-20,26.1,80,Moderate,4.6,19,Good,12.5,51,Moderate
2023-03-21,31.5,91,Moderate,3.4,14,Good,15.8,58,Moderate
2023-03-22,7.3,30,Good,1.2,5,Good,4.2,17,Good
2023-03-23,11.1,46,Good,3.2,13,Good,5.5,22,Good
2023-03-24,23,73,Moderate,5.4,22,Good,12.6,52,Moderate
2023-03-25,36.1,102,Unhealthy for Sensitive Groups,8.3,34,Good,15.8,58,Moderate
2023-03-26,40.8,114,Unhealthy for Sensitive Groups,7.9,32,Good,16.1,59,Moderate
2023-03-27,80.4,163,Unhealthy,3.4,14,Good,7.3,30,Good
2023-03-28,20.2,68,Moderate,3.5,14,Good,8.1,33,Good
2023-03-29,18,63,Moderate,3.8,15,Good,8.2,34,Good
2023-03-30,29.9,88,Moderate,7.4,30,Good,15.4,57,Moderate
2023-03-31,32.7,94,Moderate,6.8,28,Good,14,54,Moderate
2023-04-01,36.1,102,Unhealthy for Sensitive Groups,5.5,22,Good,12.5,51,Moderate
2023-04-02,16.1,59,Moderate,1,4,Good,5.1,21,Good
2023-04-03,14.9,56,Moderate,2,8,Good,6.2,25,Good
2023-04-04,18.2,63,Moderate,3.4,14,Good,8.2,34,Good
2023-04-05,23.9,75,Moderate,6.1,25,Good,12.7,52,Moderate
2023-04-06,34.6,98,Moderate,9.4,39,Good,17.9,63,Moderate
2023-04-07,50.7,138,Unhealthy for Sensitive Groups,10.8,45,Good,21.1,69,Moderate
2023-04-08,56,151,Unhealthy,10.9,45,Good,23.8,75,Moderate
2023-04-09,27.8,84,Moderate,6.4,26,Good,12.9,52,Moderate
2023-04-10,27.8,84,Moderate,6.7,27,Good,11.9,49,Good
2023-04-11,41.7,116,Unhealthy for Sensitive Groups,9.9,41,Good,17.8,62,Moderate
2023-04-12,19.7,66,Moderate,2.1,8,Good,5.9,24,Good
2023-04-13,30.9,90,Moderate,3.1,12,Good,8.7,36,Good
2023-04-14,34.3,97,Moderate,2.6,10,Good,6.8,28,Good
2023-04-15,19.5,66,Moderate,1.4,5,Good,5,20,Good
2023-04-16,14.6,56,Moderate,2.2,9,Good,7,29,Good
2023-04-17,16.1,59,Moderate,4.5,18,Good,9.4,39,Good
2023-04-18,21,69,Moderate,8.4,35,Good,15.2,57,Moderate
2023-04-19,31.1,90,Moderate,12.5,51,Moderate,18.7,64,Moderate
2023-04-20,36.1,102,Unhealthy for Sensitive Groups,10.9,45,Good,17.1,61,Moderate
2023-04-21,45.2,124,Unhealthy for Sensitive Groups,13.7,54,Moderate,18.7,64,Moderate
2023-04-22,45.4,125,Unhealthy for Sensitive Groups,13.4,53,Moderate,21.8,71,Moderate
2023-04-23,41.8,116,Unhealthy for Sensitive Groups,12.5,51,Moderate,22.4,72,Moderate
2023-04-24,15,57,Moderate,4.5,18,Good,9,37,Good
2023-04-25,26.9,82,Moderate,6.8,28,Good,15.9,58,Moderate
2023-04-26,26,80,Moderate,5,20,Good,11.8,49,Good
2023-04-27,18.5,64,Moderate,3.2,13,Good,8.4,35,Good
2023-04-28,16.8,60,Moderate,4,16,Good,9,37,Good
2023-04-29,17,61,Moderate,5.1,21,Good,11.4,47,Good
2023-04-30,17.6,62,Moderate,6,25,Good,11.2,46,Good
2023-05-01,23.9,75,Moderate,3.7,15,Good,7.9,32,Good
2023-05-02,20.1,67,Moderate,3.4,14,Good,6.7,27,Good
2023-05-03,18.5,64,Moderate,1.6,6,Good,6.4,26,Good
2023-05-04,19,65,Moderate,2.2,9,Good,6.3,26,Good
2023-05-05,25,78,Moderate,1.7,7,Good,5.3,22,Good
2023-05-06,21.2,70,Moderate,2.1,8,Good,5.3,22,Good
2023-05-07,20.8,69,Moderate,4.1,17,Good,9.2,38,Good
2023-05-08,35.5,101,Unhealthy for Sensitive Groups,7.6,31,Good,13,52,Moderate
2023-05-09,20.4,68,Moderate,4.9,20,Good,8.7,36,Good
2023-05-10,24.9,77,Moderate,4,16,Good,7.2,30,Good
2023-05-11,24,76,Moderate,4.2,17,Good,7.8,32,Good
2023-05-12,22,71,Moderate,6.7,27,Good,12.4,51,Moderate
2023-05-13,22.8,73,Moderate,5.9,24,Good,9.6,40,Good
2023-05-14,24.4,76,Moderate,7,29,Good,11.2,46,Good
2023-05-15,23.1,74,Moderate,3.9,16,Good,6.2,25,Good
2023-05-16,20,67,Moderate,4,16,Good,6.8,28,Good
2023-05-17,14.7,56,Moderate,3.5,14,Good,5.7,23,Good
2023-05-18,19.6,66,Moderate,4.8,20,Good,8.2,34,Good
2023-05-19,24.8,77,Moderate,5.9,24,Good,11,45,Good
2023-05-20,30.5,89,Moderate,9.7,40,Good,12.9,52,Moderate
2023-05-21,17.5,62,Moderate,1.8,7,Good,5,20,Good
2023-05-22,19.7,66,Moderate,2.4,10,Good,2.8,11,Good
2023-05-23,26.2,80,Moderate,4.9,20,Good,7,29,Good
2023-05-24,31.9,92,Moderate,7.9,32,Good,11.7,48,Good
2023-05-25,45,124,Unhealthy for Sensitive Groups,13.3,53,Moderate,16.8,60,Moderate
2023-05-26,29.2,86,Moderate,7,29,Good,8.5,35,Good
2023-05-27,23,73,Moderate,4.1,17,Good,5.5,22,Good
2023-05-28,36.1,102,Unhealthy for Sensitive Groups,4.6,19,Good,5.3,22,Good
2023-05-29,47.2,129,Unhealthy for Sensitive Groups,5.7,23,Good,7.3,30,Good
2023-05-30,44.9,124,Unhealthy for Sensitive Groups,12.4,51,Moderate,16.8,60,Moderate
2023-05-31,34,97,Moderate,9.2,38,Good,13.1,53,Moderate
2023-06-01,33.4,95,Moderate,4.6,19,Good,4.7,19,Good
2023-06-02,27.1,82,Moderate,2.9,12,Good,3.1,12,Good
2023-06-03,20.1,67,Moderate,4,16,Good,3.9,16,Good
2023-06-04,40.9,114,Unhealthy for Sensitive Groups,8.3,34,Good,11,45,Good
2023-06-05,60.7,153,Unhealthy,15.4,57,Moderate,18.8,65,Moderate
2023-06-06,35.3,99,Moderate,11.1,46,Good,10.3,42,Good
2023-06-07,59.5,153,Unhealthy,15.2,57,Moderate,17.9,63,Moderate
2023-06-08,38.6,108,Unhealthy for Sensitive Groups,11.8,49,Good,12.9,52,Moderate
2023-06-09,33.3,95,Moderate,11.7,48,Good,12.1,51,Moderate
2023-06-10,36.3,102,Unhealthy for Sensitive Groups,12.4,51,Moderate,12.7,52,Moderate
2023-06-11,34.7,98,Moderate,9.8,40,Good,12.6,52,Moderate
2023-06-12,35.4,100,Moderate,11.4,47,Good,13.4,53,Moderate
2023-06-13,27.4,83,Moderate,6.1,25,Good,6.5,27,Good
2023-06-14,28.4,85,Moderate,4.7,19,Good,4.9,20,Good
2023-06-15,31,90,Moderate,2.5,10,Good,2.7,11,Good
2023-06-16,31.4,91,Moderate,2.5,10,Good,2.4,10,Good
2023-06-17,22,71,Moderate,4.3,17,Good,4.4,18,Good
2023-06-18,19.7,66,Moderate,5.6,23,Good,6.4,26,Good
2023-06-19,23.2,74,Moderate,7.2,30,Good,8.3,34,Good
2023-06-20,31.4,91,Moderate,8.5,35,Good,12.9,52,Moderate
2023-06-21,43.4,120,Unhealthy for Sensitive Groups,14.8,56,Moderate,18.7,64,Moderate
2023-06-22,17.6,62,Moderate,4.9,20,Good,6.5,27,Good
2023-06-23,18.1,63,Moderate,4,16,Good,4.6,19,Good
2023-06-24,17.5,62,Moderate,3.8,15,Good,4.6,19,Good
2023-06-25,19.1,65,Moderate,5.2,21,Good,6.3,26,Good
2023-06-26,61.5,154,Unhealthy,4.2,17,Good,4.1,17,Good
2023-06-27,67,156,Unhealthy,5.7,23,Good,6.6,27,Good
2023-06-28,54.5,147,Unhealthy for Sensitive Groups,3.4,14,Good,3.7,15,Good
2023-06-29,43.5,120,Unhealthy for Sensitive Groups,4.4,18,Good,5.8,24,Good
2023-06-30,39.4,110,Unhealthy for Sensitive Groups,11.8,49,Good,14.5,56,Moderate
2023-07-01,19.2,65,Moderate,6.4,26,Good,7.2,30,Good
2023-07-02,18.4,64,Moderate,5,20,Good,6,25,Good
2023-07-03,21.3,70,Moderate,6.4,26,Good,6.8,28,Good
2023-07-04,37.5,105,Unhealthy for Sensitive Groups,12.1,51,Moderate,17.4,62,Moderate
2023-07-05,28.2,84,Moderate,7.9,32,Good,11.2,46,Good
2023-07-06,39.5,110,Unhealthy for Sensitive Groups,8.9,37,Good,11,45,Good
2023-07-07,54.6,148,Unhealthy for Sensitive Groups,10.7,44,Good,15.8,58,Moderate
2023-07-08,84.9,166,Unhealthy,11.3,47,Good,16,59,Moderate
2023-07-09,52.2,142,Unhealthy for Sensitive Groups,6.7,27,Good,10.6,44,Good
2023-07-10,53.5,145,Unhealthy for Sensitive Groups,5.6,23,Good,8.1,33,Good
2023-07-11,63.4,155,Unhealthy,3.7,15,Good,3.9,16,Good
2023-07-12,63.2,154,Unhealthy,10,41,Good,17.2,61,Moderate
2023-07-13,46.3,127,Unhealthy for Sensitive Groups,13.9,54,Moderate,26.3,80,Moderate
2023-07-14,58.9,152,Unhealthy,13.7,54,Moderate,25,78,Moderate
2023-07-15,52.3,142,Unhealthy for Sensitive Groups,5.5,22,Good,12.8,52,Moderate
2023-07-16,41.9,116,Unhealthy for Sensitive Groups,5.4,22,Good,14.3,55,Moderate
2023-07-17,68.7,157,Unhealthy,15.7,58,Moderate,25,78,Moderate
2023-07-18,86.4,166,Unhealthy,23.5,74,Moderate,30.2,89,Moderate
2023-07-19,92.3,170,Unhealthy,24.9,77,Moderate,63.3,155,Unhealthy
2023-07-20,39,109,Unhealthy for Sensitive Groups,14.4,55,Moderate,23.6,75,Moderate
2023-07-21,48.6,133,Unhealthy for Sensitive Groups,12.4,51,Moderate,33.6,96,Moderate
2023-07-22,52.3,142,Unhealthy for Sensitive Groups,5.9,24,Good,21.3,70,Moderate
2023-07-23,40.4,113,Unhealthy for Sensitive Groups,4.3,17,Good,10.2,42,Good
2023-07-24,57.7,152,Unhealthy,4.3,17,Good,13.1,53,Moderate
2023-07-25,39,109,Unhealthy for Sensitive Groups,3.4,14,Good,4.3,17,Good
2023-07-26,24.4,76,Moderate,2,8,Good,3.8,15,Good
2023-07-27,42.9,119,Unhealthy for Sensitive Groups,2.1,8,Good,4.4,18,Good
2023-07-28,37.9,106,Unhealthy for Sensitive Groups,2.2,9,Good,5.1,21,Good
2023-07-30,47.8,131,Unhealthy for Sensitive Groups,14.9,56,Moderate,26.5,81,Moderate
2023-07-31,42.1,117,Unhealthy for Sensitive Groups,16.5,60,Moderate,34,97,Moderate
2023-08-01,39.8,111,Unhealthy for Sensitive Groups,15,57,Moderate,32.8,94,Moderate
2023-08-02,53.7,145,Unhealthy for Sensitive Groups,18.5,64,Moderate,36.6,103,Unhealthy for Sensitive Groups
2023-08-03,48,131,Unhealthy for Sensitive Groups,15,57,Moderate,26.5,81,Moderate
2023-08-04,45,124,Unhealthy for Sensitive Groups,13,52,Moderate,33.9,96,Moderate
2023-08-05,65.1,155,Unhealthy,16.2,59,Moderate,36.1,102,Unhealthy for Sensitive Groups
2023-08-06,45.1,124,Unhealthy for Sensitive Groups,4.3,17,Good,12.4,51,Moderate
2023-08-07,36.5,103,Unhealthy for Sensitive Groups,5.9,24,Good,9.9,41,Good
2023-08-08,29.2,86,Moderate,15.1,57,Moderate,22.4,72,Moderate
2023-08-09,52.3,142,Unhealthy for Sensitive Groups,21.5,70,Moderate,29.2,86,Moderate
2023-08-10,60.3,153,Unhealthy,22.5,72,Moderate,32.1,93,Moderate
2023-08-11,48,131,Unhealthy for Sensitive Groups,10.5,43,Good,10.5,43,Good
2023-08-12,46.8,128,Unhealthy for Sensitive Groups,3.8,15,Good,2.4,10,Good
2023-08-13,69.6,158,Unhealthy,6.2,25,Good,3.6,15,Good
2023-08-14,67.2,157,Unhealthy,20.9,69,Moderate,14.2,55,Moderate
2023-08-15,82.1,164,Unhealthy,28.1,84,Moderate,20.1,67,Moderate
2023-08-16,41.2,115,Unhealthy for Sensitive Groups,8.2,34,Good,5.1,21,Good
2023-08-17,63.6,155,Unhealthy,2.8,11,Good,5.1,21,Good
2023-08-18,29.3,87,Moderate,2.9,12,Good,4.4,18,Good
2023-08-19,25,78,Moderate,3.5,14,Good,6.3,26,Good
2023-08-20,31.2,91,Moderate,3.8,15,Good,9.6,40,Good
2023-08-21,32.8,94,Moderate,4.5,18,Good,9.4,39,Good
2023-08-22,39.2,110,Unhealthy for Sensitive Groups,9.7,40,Good,16,59,Moderate
2023-08-23,67.9,157,Unhealthy,22.4,72,Moderate,29,86,Moderate
2023-08-24,92.2,169,Unhealthy,30.5,89,Moderate,39.3,110,Unhealthy for Sensitive Groups
2023-08-25,99.6,173,Unhealthy,33.9,96,Moderate,40.3,112,Unhealthy for Sensitive Groups
2023-08-26,97.8,172,Unhealthy,32.3,93,Moderate,42.7,118,Unhealthy for Sensitive Groups
2023-08-27,104.7,176,Unhealthy,33.8,96,Moderate,70.3,158,Unhealthy
2023-08-28,80.9,164,Unhealthy,26.8,81,Moderate,36.5,103,Unhealthy for Sensitive Groups
2023-08-29,58.2,152,Unhealthy,18.8,65,Moderate,37.8,106,Unhealthy for Sensitive Groups
2023-08-30,29.4,87,Moderate,10.2,42,Good,26.5,81,Moderate
2023-08-31,30.5,89,Moderate,5.5,22,Good,12.1,51,Moderate
2023-09-01,35.8,101,Unhealthy for Sensitive Groups,12.5,51,Moderate,22.8,73,Moderate
2023-09-02,40,112,Unhealthy for Sensitive Groups,14.9,56,Moderate,29.4,87,Moderate
2023-09-03,41.1,114,Unhealthy for Sensitive Groups,11.3,47,Good,21.5,70,Moderate
2023-09-04,41.3,115,Unhealthy for Sensitive Groups,7.8,32,Good,13.6,54,Moderate
2023-09-05,40.4,113,Unhealthy for Sensitive Groups,9.4,39,Good,18.8,65,Moderate
2023-09-06,60.4,153,Unhealthy,14.2,55,Moderate,27.8,84,Moderate
2023-09-07,39.8,111,Unhealthy for Sensitive Groups,7.8,32,Good,13.5,53,Moderate
2023-09-08,37.3,105,Unhealthy for Sensitive Groups,4.2,17,Good,8.5,35,Good
2023-09-09,32.9,94,Moderate,7.7,32,Good,17.9,63,Moderate
2023-09-10,49.5,135,Unhealthy for Sensitive Groups,14.7,56,Moderate,28.4,85,Moderate
2023-09-11,55.3,149,Unhealthy for Sensitive Groups,14.6,56,Moderate,24.1,76,Moderate
2023-09-12,32.8,94,Moderate,7.7,32,Good,12.2,51,Moderate
2023-09-13,58.1,152,Unhealthy,14.8,56,Moderate,23.5,74,Moderate
2023-09-14,125.3,187,Unhealthy,36.4,103,Unhealthy for Sensitive Groups,55.1,149,Unhealthy for Sensitive Groups
2023-09-15,93.4,170,Unhealthy,26.3,80,Moderate,37.2,105,Unhealthy for Sensitive Groups
2023-09-16,85.9,166,Unhealthy,26.4,81,Moderate,34.2,97,Moderate
2023-09-17,57.4,151,Unhealthy,19.1,65,Moderate,46.8,128,Unhealthy for Sensitive Groups
2023-09-18,60,153,Unhealthy,16.4,60,Moderate,26.8,81,Moderate
2023-09-19,68,157,Unhealthy,17.4,62,Moderate,27.2,82,Moderate
2023-09-20,63.4,155,Unhealthy,15.2,57,Moderate,22.6,73,Moderate
2023-09-21,61.3,153,Unhealthy,19.5,66,Moderate,31.8,92,Moderate
2023-09-22,28.8,86,Moderate,10.5,43,Good,16,59,Moderate
2023-09-23,39.9,111,Unhealthy for Sensitive Groups,9.4,39,Good,15.7,58,Moderate
2023-09-24,37.4,105,Unhealthy for Sensitive Groups,5.5,22,Good,11.6,48,Good
2023-09-25,,,No Data,6.1,25,Good,8.1,33,Good
2023-09-26,27.7,83,Moderate,6.8,28,Good,10.5,43,Good
2023-09-27,30.9,90,Moderate,3.7,15,Good,7.1,29,Good
2023-09-28,35.2,99,Moderate,4.6,19,Good,5.4,22,Good
2023-09-29,58.3,152,Unhealthy,13.3,53,Moderate,15.7,58,Moderate
2023-09-30,66.2,156,Unhealthy,18.6,64,Moderate,21,69,Moderate
2023-10-01,52.3,142,Unhealthy for Sensitive Groups,19.6,66,Moderate,20.7,69,Moderate
2023-10-02,26.5,81,Moderate,7.4,30,Good,7.6,31,Good
2023-10-03,38.3,107,Unhealthy for Sensitive Groups,10.9,45,Good,12.5,51,Moderate
2023-10-04,60.8,153,Unhealthy,19.4,66,Moderate,20.2,68,Moderate
2023-10-05,80.8,164,Unhealthy,27.1,82,Moderate,25.7,79,Moderate
2023-10-06,35.2,99,Moderate,9.1,37,Good,13.5,53,Moderate
2023-10-07,39,109,Unhealthy for Sensitive Groups,7.7,32,Good,21.3,70,Moderate
2023-10-08,53.1,144,Unhealthy for Sensitive Groups,14.2,55,Moderate,23.1,74,Moderate
2023-10-09,55.3,149,Unhealthy for Sensitive Groups,14.3,55,Moderate,17.5,62,Moderate
2023-10-10,60.9,153,Unhealthy,19,65,Moderate,21.6,70,Moderate
2023-10-11,55.6,151,Unhealthy,18.5,64,Moderate,21.3,70,Moderate
2023-10-12,47.4,130,Unhealthy for Sensitive Groups,18.2,63,Moderate,21.3,70,Moderate
2023-10-13,32.2,93,Moderate,12.1,51,Moderate,11.1,46,Good
2023-10-14,54.7,148,Unhealthy for Sensitive Groups,16.7,60,Moderate,14.9,56,Moderate
2023-10-15,74.2,160,Unhealthy,23.5,74,Moderate,19.1,65,Moderate
2023-10-16,73.4,160,Unhealthy,24.8,77,Moderate,26.9,82,Moderate
2023-10-17,82.8,165,Unhealthy,23.9,75,Moderate,22.9,73,Moderate
2023-10-18,76,161,Unhealthy,20.6,68,Moderate,18.8,65,Moderate
2023-10-19,90.3,168,Unhealthy,21.6,70,Moderate,22.4,72,Moderate
2023-10-20,115.2,181,Unhealthy,32.4,93,Moderate,32.8,94,Moderate
2023-10-21,88,167,Unhealthy,21.1,69,Moderate,26.2,80,Moderate
2023-10-22,87.5,167,Unhealthy,21.6,70,Moderate,30.5,89,Moderate
2023-10-23,67.4,157,Unhealthy,15.7,58,Moderate,22.2,72,Moderate
2023-10-24,69.6,158,Unhealthy,15.2,57,Moderate,39.9,111,Unhealthy for Sensitive Groups
2023-10-25,74.8,160,Unhealthy,12.9,52,Moderate,16.1,59,Moderate
2023-10-26,55.5,151,Unhealthy,7.7,32,Good,10.5,43,Good
2023-10-27,25.4,78,Moderate,5.5,22,Good,9.6,40,Good
2023-10-28,31.8,92,Moderate,7.1,29,Good,14.7,56,Moderate
2023-10-29,45.2,124,Unhealthy for Sensitive Groups,10.3,42,Good,19.7,66,Moderate
2023-10-30,39.5,110,Unhealthy for Sensitive Groups,9.4,39,Good,16.8,60,Moderate
2023-10-31,34.3,97,Moderate,8,33,Good,14.3,55,Moderate
2023-11-01,29,86,Moderate,7.4,30,Good,13.4,53,Moderate
2023-11-02,36,102,Unhealthy for Sensitive Groups,7.2,30,Good,13.5,53,Moderate
2023-11-03,45.6,125,Unhealthy for Sensitive Groups,10.5,43,Good,15.8,58,Moderate
2023-11-04,35.6,101,Unhealthy for Sensitive Groups,8.3,34,Good,15.8,58,Moderate
2023-11-05,41.8,116,Unhealthy for Sensitive Groups,11.9,49,Good,18.5,64,Moderate
2023-11-06,31.3,91,Moderate,9.3,38,Good,15.4,57,Moderate
2023-11-07,32.4,93,Moderate,10.6,44,Good,17.2,61,Moderate
2023-11-08,36.9,104,Unhealthy for Sensitive Groups,12.4,51,Moderate,19.2,65,Moderate
2023-11-09,51,139,Unhealthy for Sensitive Groups,11.2,46,Good,18.3,64,Moderate
2023-11-10,35.8,101,Unhealthy for Sensitive Groups,8.1,33,Good,13.2,53,Moderate
2023-11-11,20.7,69,Moderate,6,25,Good,9.1,37,Good
2023-11-12,28.5,85,Moderate,5.3,22,Good,10.2,42,Good
2023-11-13,17.2,61,Moderate,3.7,15,Good,7.3,30,Good
2023-11-14,22.2,72,Moderate,4.8,20,Good,11.5,47,Good
2023-11-15,31.4,91,Moderate,5.5,22,Good,10.5,43,Good
2023-11-16,31.8,92,Moderate,4.5,18,Good,19,65,Moderate
2023-11-17,20.8,69,Moderate,3.2,13,Good,18.8,65,Moderate
2023-11-18,29.8,88,Moderate,4.7,19,Good,14.1,55,Moderate
2023-11-19,42.8,118,Unhealthy for Sensitive Groups,9.5,39,Good,26.2,80,Moderate
2023-11-20,61.5,154,Unhealthy,11.3,47,Good,20.5,68,Moderate
2023-11-21,62.4,154,Unhealthy,12.8,52,Moderate,21.3,70,Moderate
2023-11-22,72.4,159,Unhealthy,13.7,54,Moderate,22.9,73,Moderate
2023-11-23,25.5,79,Moderate,2.9,12,Good,10.1,42,Good
2023-11-24,25.8,79,Moderate,7.1,29,Good,17.5,62,Moderate
2023-11-25,25.3,78,Moderate,6.5,27,Good,16.9,61,Moderate
2023-11-26,19.9,67,Moderate,4.5,18,Good,24.3,76,Moderate
2023-11-27,28.2,84,Moderate,7.7,32,Good,27.2,82,Moderate
2023-11-28,40.5,113,Unhealthy for Sensitive Groups,9.2,38,Good,27.3,82,Moderate